<?xml version="1.0" encoding="utf-8"?>
<openerp>
    <data>

        <record model="ir.ui.view" id="aces_mail_template_form">
            <field name="name">mail.template.form</field>
            <field name="model">mail.template</field>
            <field name="inherit_id" ref="mail.email_template_form"/>
            <field name="arch" type="xml">
                <field name="model_id" position="after">
                    <field name="is_loan_template"/>
                </field>
            </field>
        </record>

       <record id="aces_mail_template_filter" model="ir.ui.view">
            <field name="name">aces.mail.template</field>
            <field name="model">mail.template</field>
            <field name="arch" type="xml">
                <search string="Search Mial Template">
                    <filter string="Loan Template" name="is_loan_template" domain="[('is_loan_template','=',True)]"/>
               </search>
            </field>
        </record>

        <record id="aces_action_mail_template" model="ir.actions.act_window">
            <field name="name">Mail Template</field>
            <field name="res_model">mail.template</field>
            <field name="view_type">form</field>
            <field name="view_mode">tree,form</field>
            <field name="context">{'search_default_is_loan_template':1}</field>
            <field name="search_view_id" ref="aces_mail_template_filter"/>
        </record>

        <menuitem action="aces_action_mail_template" name="Template" id="menu_loan_mail_tempalte1"
                  parent="main_menu_general" sequence="7" groups="hr.group_hr_manager"/>

</data>
</openerp>