<?xml version="1.0" encoding="utf-8"?>
<odoo>
    <data>
        <record id="inherited_crm_case_form_view_job_aspl" model="ir.ui.view">
            <field name="name">hr.applicant.form</field>
            <field name="model">hr.applicant</field>
            <field name="inherit_id" ref="hr_recruitment.crm_case_form_view_job"/>
            <field name="arch" type="xml">
            	<xpath expr="//button[@name='create_employee_from_applicant']" position="attributes"> 
            		<attribute name="context">{'checkin': True, 'active_id':id}</attribute>	
            		<attribute name="help">Create Employee as well as it starts the CheckIn Process for Employee.</attribute>
            	</xpath>
            	<xpath expr="//field[@name='type_id']" position="replace">
            		<field name="type_ids" widget="many2many_tags"/>
            	</xpath>
            	<xpath expr="//field[@name='availability']" position="after">
            		<field name="contract_id" invisible="1"/>
            	</xpath>
            	<xpath expr="//div[@name='button_box']" position="inside">
            		<button name="action_get_created_employee_entry" class="oe_stat_button" icon="fa-user-plus" type="object"
                         help="You can see the created Entry for this employee."
                         attrs="{'invisible': ['|',('emp_entry_id', '=', False),('active', '=', False)]}">
                        <div class="o_field_widget o_stat_info">
                            <span class="o_stat_text">CheckIn Process</span>
                         </div>
                    </button>
            	</xpath>
            	<field name="availability" position="before">
            		<field name="assured_salary" required="1"/>
            	</field>
            	<field name="partner_id" position="after">
            		<field name="emp_id" readonly="1"/>
            	</field>
            	<xpath expr="//field[@name='emp_id']" position="after">
            		<field name="emp_entry_id" invisible="1"/>
            	</xpath>
			</field>
		</record>
	</data>
</odoo>