<?xml version="1.0" encoding="utf-8"?>
<odoo>
	<data noupdate="1">

		<!-- scheduler for the calculate the pos commission -->
		<record id="hr_overtime_scheduler" model="ir.cron">
			<field name="name">HR Employee Overtime Schedular</field>
			<field name="model_id" ref="model_hr_employee_overtime" />
			<field name="state">code</field>
			<field name="user_id">1</field>
			<field name="code">model.generate_employee_overtime()</field>
			<field eval="True" name="active" />
			<field name="interval_number">1</field>
			<field name="interval_type">days</field>
			<field name="numbercall">-1</field>
			<field name="doall" eval="False" />
		</record>
	</data>
</odoo>