<?xml version="1.0" encoding="utf-8"?>
<odoo>
  <data noupdate="0">

    <!-- <record id="group_employee" model="res.groups">
      <field name="name">Employee</field>
    </record>


    <record id="user_own_rule" model="ir.rule">
      <field name="name">see Own Record</field>
      <field name="model_id" ref="model_leave_encash" />
      <field name="domain_force">[('create_uid','=',user.id)]</field>
    </record> 
 -->
 
        <record id="module_leave_encashment" model="ir.module.category">
           <field name="name">Leave Encashment</field>
           <field name="sequence">5</field>
           <field name="description">Leave Encashment</field>
       </record>
 
         <record id="group_employee_user" model="res.groups">
           <field name="name">Manager</field>
           <field name="category_id" ref="module_leave_encashment"/>
           <field name="users" eval="[(4, ref('base.user_root'))]"/>
            <field name="implied_ids" eval="[(4, ref('base.group_user'))]"/>
       </record>
 
 
 
  </data>

</odoo>
