<odoo>
    <data noupdate="0">

        <record id="emp_travel_request_employee_access_rules" model="ir.rule">
            <field name="name">Travel Request(Employee)</field>
            <field name="model_id" ref="model_hr_emp_travel_request"/>
            <field name="domain_force">['|','|',('employee_id', 'in', [emp.id for emp in user.employee_ids]),('employee_id.parent_id','child_of', [emp.id for emp in user.employee_ids]),('parent_id', 'in', [emp.id for emp in user.employee_ids])]</field>
            <field name="groups" eval="[(4, ref('base.group_user'))]"/>
            <field name="perm_read" eval="True"/>
            <field name="perm_write" eval="True"/>
            <field name="perm_create" eval="True"/>
            <field name="perm_unlink" eval="False"/>
        </record>

        <record id="emp_travel_request_hr_manager_access_rules" model="ir.rule">
            <field name="name">Expense(HR Manager)</field>
            <field name="model_id" ref="model_hr_expense"/>
            <field name="domain_force">[(1, '=', 1)]</field>
            <field name="groups" eval="[(4, ref('hr.group_hr_manager'))]"/>
            <field name="perm_read" eval="True"/>
            <field name="perm_write" eval="True"/>
            <field name="perm_create" eval="True"/>
            <field name="perm_unlink" eval="False"/>
        </record>

        <record id="expenses_hr_manager_access_rules" model="ir.rule">
            <field name="name">Travel Request(HR Manager)</field>
            <field name="model_id" ref="model_hr_emp_travel_request"/>
            <field name="domain_force">[(1, '=', 1)]</field>
            <field name="groups" eval="[(4, ref('hr.group_hr_manager'))]"/>
            <field name="perm_read" eval="True"/>
            <field name="perm_write" eval="True"/>
            <field name="perm_create" eval="True"/>
            <field name="perm_unlink" eval="False"/>
        </record>

        <record id="emp_travel_request_admin_access_rules" model="ir.rule">
            <field name="name">Travel Request(Admin)</field>
            <field name="model_id" ref="model_hr_emp_travel_request"/>
            <field name="domain_force">[(1, '=', 1)]</field>
            <field name="groups" eval="[(4, ref('base.group_erp_manager'))]"/>
            <field name="perm_read" eval="True"/>
            <field name="perm_write" eval="True"/>
            <field name="perm_create" eval="True"/>
            <field name="perm_unlink" eval="True"/>
        </record>

    </data>
</odoo>