<?xml version="1.0" encoding="utf-8"?>
<odoo>
	<data noupdate="1">

		<!-- Employee categories -->
		<record id="employee_category_6" model="hr.employee.category">
			<field name="name">Trainee</field>
			<field name="color" eval="1" />
		</record>

		<record id="employee_category_7" model="hr.employee.category">
			<field name="name">Permanent Employee</field>
			<field name="color" eval="2" />
		</record>

		<record id="employee_category_8" model="hr.employee.category">
			<field name="name">Temporary Employee</field>
			<field name="color" eval="6" />
		</record>

		<record id="employee_category_9" model="hr.employee.category">
			<field name="name">Part Time Employee</field>
			<field name="color" eval="4" />
		</record>

		<record id="employee_category_6" model="hr.employee.category">
          <field name="name">Special Consultant </field>
          <field name="color" eval="1"/>
      </record>
      
      <record id="employee_category_6" model="hr.employee.category">
          <field name="name">On Contract</field>
          <field name="color" eval="1"/>
      </record>

	</data>
</odoo>
