<?xml version="1.0" encoding="utf-8"?>
<odoo>
    <record id="inherit_attentdance_res_config_settings_form_view" model="ir.ui.view">
        <field name="name">res.config.settings.view.form</field>
        <field name="model">res.config.settings</field>
        <field name="inherit_id" ref="hr_attendance.res_config_settings_view_form" />
        <field name="arch" type="xml">
            <xpath expr="//div[hasclass('app_settings_block')][@data-key='hr_attendance']" position="inside">
                <h2>Allowed Working Hours Difference between Attendance and Timesheet</h2>
                <div class="row mt18 o_settings_container">
                    <div class="col-xs-24 col-md-6 o_setting_box">
                    <div class="o_setting_right_pane">
							<label for="allow_diff_attendance_timesheet" />
							<span class="fa fa-lg" title="It checks the difference at time of check in.." />
							<div class="content-group">
								<div class="mt16">
									<div class="address_format" readonly="1">
										<field name="allow_diff_attendance_timesheet" />
									</div>
								</div>
							</div>
							<div class="row">
								<div class="text-muted col-md-8">
									It checks the difference at time of check in.
								</div>
							</div>
					</div>
                    </div>
                </div>
            </xpath>
        </field>
    </record>
</odoo>
