<?xml version="1.0"?>
<odoo>
    <data>

        <record id="hr_employee_overtime_rule" model="ir.rule">
            <field name="name">Employee can see only his own details</field>
            <field ref="model_hr_employee_overtime" name="model_id"/>
            <field name="domain_force">[('employee_id.user_id','=',user.id)]</field>
            <field name="groups" eval="[(4, ref('base.group_user'))]"/>
        </record>

        <record id="hr_manager_overtime_rule" model="ir.rule">
            <field name="name">HR Manager can see all the salary details</field>
            <field name="model_id" ref="model_hr_employee_overtime"/>
            <field name="groups" eval="[(4, ref('hr.group_hr_manager'))]"/>
        </record>

    </data>
</odoo>