<?xml version="1.0"?>
<odoo>
    <data>

        <!-- <record id="emp_rule_personal_record" model="ir.rule">
            <field name="name">Employee can see only his own details</field>
            <field ref="hr.model_hr_employee" name="model_id"/>
            <field name="domain_force">['|', ('user_id','=',user.id)]</field>
            <field name="groups" eval="[(4, ref('base.group_user'))]"/>
        </record> -->
        
        <record id="hr_rule_personal_record_for_loan" model="ir.rule">
            <field name="name">HR Manager can see all Loan Application.</field>
            <field ref="model_loan_application" name="model_id"/>
            <field name="domain_force">[(1, '=', 1)]</field>
            <field name="groups" eval="[(4, ref('hr.group_hr_manager'))]"/>
        </record>
        
        <record id="acc_manager_rule_personal_record_for_loan" model="ir.rule">
            <field name="name">Account Manager can see all Loan Application.</field>
            <field ref="model_loan_application" name="model_id"/>
            <field name="domain_force">[('state', '=', 'emi_calculated')]</field>
            <field name="groups" eval="[(4, ref('account.group_account_manager'))]"/>
        </record>

		<record id="emp_rule_manager_record" model="ir.rule">
            <field name="name">Manager can see all employee</field>
            <field ref="hr.model_hr_employee" name="model_id"/>
            <field name="domain_force">[(1,'=',1)]</field>
            <field name="groups" eval="[(4, ref('hr.group_hr_manager'))]"/>
        </record>

    </data>
</odoo>